relative_path,size_bytes,sha256
.gitignore,58,74f4e9ad8971603feee0da5e342c3f29c9700dcaa13ae74022b52e8c54063c43
README.md,1174,86002571a88135992a338dc5fc1eb8a4a67e88b43ff75f6135226c0465773d5b
exp1_toy_example/.gitignore,16,a8c0d1e65df5331d680fcb17e7da6cc7adab2eb568325023b3ef24f808d045bc
exp1_toy_example/README.md,2051,c2d70638342041c666539644587917f3ccc4186af7539e075b72b9d6b13005e4
exp1_toy_example/requirements.txt,24,11c3aa99c093734cd41ea722e931860b4d630c1f6f243f1af87425b37fdc1f17
exp1_toy_example/results/data/growing_samples_multi_m_data.csv,5195698,42d6ad8bb58cceb39a9d5f9892429575df8e44bfe51f0dc6d0a2b014279ec2a6
exp1_toy_example/results/figures/growing_samples_multi_m_left.eps,38419,705f5553dcbaa5d4715f2bffcbb0bd48670b6d084db1bfe030b93ce67e77fc5c
exp1_toy_example/results/figures/growing_samples_multi_m_left.pdf,19983,fdc25d652f4e892445c88f2502087a29337c744fe108cf08253c0512fcbae240
exp1_toy_example/results/figures/growing_samples_multi_m_right.eps,38843,52b4baead3c9929e21d84f1fce80fe2ff75f191cb184c3bb7c17826a788ade8d
exp1_toy_example/results/figures/growing_samples_multi_m_right.pdf,19329,b9c8be8b413256fdf292ab341546359f23d8c5fb9e872cb662602b36faa70094
exp1_toy_example/results/figures/toy_beta_order_left.eps,31700,88fe4f8785ab5e35390c0ea48cf5100a8c880af4d61aba174fd9d02f8e354d6f
exp1_toy_example/results/figures/toy_beta_order_left.pdf,17699,3011e643c95fc5ddb45b87588379364986ca9f00f99d70512c6515de96907a2e
exp1_toy_example/results/figures/toy_beta_order_right.eps,29217,1dbfc558c89996a098f91861ea681a6532290e48dc32037e74e1ce808c6b0321
exp1_toy_example/results/figures/toy_beta_order_right.pdf,18368,2fd94a187be3e2054fb5cfc19886b3998b67cad118a2bf011faae9f3cb225a25
exp1_toy_example/results/figures/toy_fixedN_sweepm_m2.eps,1956347,ce43ca410d851be286096644a562faf62fb59652f7f76c2083d03dc810d45274
exp1_toy_example/results/figures/toy_fixedN_sweepm_m2.pdf,196915,57e03d03706bca820f1af3f1e3b0334622cf844505f762a99d496d7d3136edae
exp1_toy_example/results/figures/toy_fixedN_sweepm_m2.png,131006,a219e4d027dc17026816e180dfab839028fd83b0e6495fb8d9000fc6f1af3526
exp1_toy_example/results/figures/toy_fixedN_sweepm_m3.eps,1956347,7f82e47843b90f8a46bb42010a63a4eecbbe03519aed083c8f33f50f9295a7af
exp1_toy_example/results/figures/toy_fixedN_sweepm_m3.pdf,197416,5e7d99be6922199a25c9201354ece522a04d15f34e9e625816df2140d88516a9
exp1_toy_example/results/figures/toy_fixedN_sweepm_m3.png,150966,2594de557c8c48f1f48da4aa3d162bdbed365dfe64d72839f521f4155cf2cc11
exp1_toy_example/results/figures/toy_fixedN_sweepm_m4.eps,1956347,3246e81d53dbf0e10c3fb39ca575a1341d03600adc9f28915f3103450bc83db7
exp1_toy_example/results/figures/toy_fixedN_sweepm_m4.pdf,195927,4ddef91896d64fb8ae5d63596a5a84305645d1d2c8063c36c31d63dfcbd047a4
exp1_toy_example/results/figures/toy_fixedN_sweepm_m4.png,159749,e22372fbe3982299efabc687c973cf01a7847c6326a9315a7665f64ae7b662ff
exp1_toy_example/results/figures/toy_fixedN_sweepm_m5.eps,1956347,575275bede5a8a5f294da37d405e2f28621fb41a93bec22bd3a450adc094b023
exp1_toy_example/results/figures/toy_fixedN_sweepm_m5.pdf,198452,3f8f88deea56a7bf04668494e02a2a546fad72b3246fb71a8cd622bebd84c869
exp1_toy_example/results/figures/toy_fixedN_sweepm_m5.png,171016,a30d2474c9dbbfafecb91209ee6ad504190683dfb95518674c73c1ad0546e0d2
exp1_toy_example/results/figures/toy_fixedm_sweepN_N100.eps,1956347,5c5ae88d5d826f8ab6841fb9b455e3e48e63d5fc942490afb3ca36557a7ffefc
exp1_toy_example/results/figures/toy_fixedm_sweepN_N100.pdf,195916,e0c81e319cc52d45763177cf5b6518bd10f241d437f5d74ba7dc468ff9abb481
exp1_toy_example/results/figures/toy_fixedm_sweepN_N100.png,155635,084c287da956f0ac1f5f923d7e4b4ebe74e130ad67799baab3bcd785a9a8124e
exp1_toy_example/results/figures/toy_fixedm_sweepN_N20.eps,1956347,575275bede5a8a5f294da37d405e2f28621fb41a93bec22bd3a450adc094b023
exp1_toy_example/results/figures/toy_fixedm_sweepN_N20.pdf,198452,4a18fbc2721a9c9b559f49e576d72da582d9a40ded426b7280d2a2387baf1934
exp1_toy_example/results/figures/toy_fixedm_sweepN_N20.png,171016,a30d2474c9dbbfafecb91209ee6ad504190683dfb95518674c73c1ad0546e0d2
exp1_toy_example/results/figures/toy_fixedm_sweepN_N200.eps,1956347,cdbbfd0611822773ca60b56ce6841974c579c8876e9684bde1de9c6cec8716e2
exp1_toy_example/results/figures/toy_fixedm_sweepN_N200.pdf,196253,c2223e1343cd5c62ab6d642225d285a6a712d3cd37bf426b1e798139ea39b23e
exp1_toy_example/results/figures/toy_fixedm_sweepN_N200.png,161815,8c83913ce1f3c70113c9620ddae3052f8ec4d34a55736e78382842364eee9189
exp1_toy_example/results/figures/toy_fixedm_sweepN_N50.eps,1956347,bff3232c5b72c7ffa69ecafbd21b42eb5f5e9dfd8897a1d1d14dab6ad3ccde30
exp1_toy_example/results/figures/toy_fixedm_sweepN_N50.pdf,198872,5c206853cf424fa02e30f7e65c1d0cf8c9191ff698ce232de012dc299adcb065
exp1_toy_example/results/figures/toy_fixedm_sweepN_N50.png,167794,508936ab484c83920e03f9ab288f94c988c0ebd82e311b6cd053b0ff486024dc
exp1_toy_example/results/manifest.csv,4428,cd20aee502998f685eb6ab217922628026ad81f20b97e168367ffc0de5fa2ccc
exp1_toy_example/scripts/generate_gap_order_figure.py,14377,e774d0da12b75c07cbf6cc860c88bceef9952ec20fb7e675319821c6dddb8353
exp1_toy_example/scripts/generate_growing_sample_figure.py,14424,b684c8877aa0ef682499f14b12f4e0009d0a77998a4f4dfcdfc42e831e9b782d
exp1_toy_example/scripts/generate_surface_figures.py,9342,449cccd13c047db49f7774b1f5eca22dd829b11a74e85940c92b01032a419be0
exp2_robust_logistic_regression/breast_cancer/.gitignore,58,74f4e9ad8971603feee0da5e342c3f29c9700dcaa13ae74022b52e8c54063c43
exp2_robust_logistic_regression/breast_cancer/README.md,2220,f73c00f4b92d3418fcf26c233105c6a8c750ef8ec3f0d4601a5a8297775a9c35
exp2_robust_logistic_regression/breast_cancer/config/final_selected_configs.csv,3411,bb823056e44c5a2b795e64c0d49b56dbe8659f17bfeea204010c4c39d17afa2a
exp2_robust_logistic_regression/breast_cancer/data/processed/final_split_results.csv,152270,566902799f61692f681940ed0ae46cb0ff4cc3dea883b5702e29132be6cb3e61
exp2_robust_logistic_regression/breast_cancer/data/raw/breast_cancer.csv,121385,d29aeaae7f3f3195b885e97c4319209e35476c2cfcef91310e05e04e0fc5caff
exp2_robust_logistic_regression/breast_cancer/requirements.txt,41,67bf58267f578122717721aa475e11984f648f6013898fec139c8aca6affbfd8
exp2_robust_logistic_regression/breast_cancer/results/advantage_majorant_vs_direct.csv,5591,da176b59127d673894d28233787dac7cf3859535e6e60c07fe0841349cb81156
exp2_robust_logistic_regression/breast_cancer/results/advantage_majorant_vs_erm_reference.csv,5410,deb81fad4d82db28078e941761f8cbf72f4d7e3293f7c72f76ab4d267988d861
exp2_robust_logistic_regression/breast_cancer/results/fairness_audit_direct_majorant.csv,52380,79393121efded22787e3b18da533818199a10f1ab320f271d73afdd256bce935
exp2_robust_logistic_regression/breast_cancer/results/final_loss_table.csv,3454,d1da9846be35f6144e40a50985b9cda579aefb444281777b3a05bfeedde6f0b7
exp2_robust_logistic_regression/breast_cancer/results/final_summary.csv,24749,a2c73556b4466a5b839f5f6e1f17a0c06ddc3d9d06f0a3bfb1f23a553da18326
exp2_robust_logistic_regression/breast_cancer/results/full_loss_table_erm_n256_reference.csv,3450,e01b36619d09a4b3a6b8dca9e52d153493d10b49db3931d6644915958b917a6c
exp2_robust_logistic_regression/breast_cancer/results/manifest.csv,888,4096bb3df6c00cb7e778e7c59c884fb4901df67c663d0d554d08494215ff2e45
exp2_robust_logistic_regression/breast_cancer/results/tables.md,17694,dd1a0ab4a91346a6926823083d01fb764a94693ad4f3cf146fba566e6250e336
exp2_robust_logistic_regression/breast_cancer/scripts/build_final_tables.py,9375,3e3787317045cfd55bc656c5df1d2b16407b87d2d7666c865337f7099a4455b3
exp2_robust_logistic_regression/breast_cancer/scripts/train_final_models.py,17518,37df0db5d44e51068442370f3c8bf8c8731d7a2cf7d1f8310881444c3064b50a
exp2_robust_logistic_regression/breast_cancer/scripts/training_core.py,20928,b15d29faca838710b46cc7e767aa9230929e881ac981b7902261cda66ad8ccef
exp2_robust_logistic_regression/parkinsons/.gitignore,58,74f4e9ad8971603feee0da5e342c3f29c9700dcaa13ae74022b52e8c54063c43
exp2_robust_logistic_regression/parkinsons/README.md,2152,43386efa3e099241605da8a3d791459d3075fca979d670781550aeb5e7ae7562
exp2_robust_logistic_regression/parkinsons/config/final_selected_configs.csv,3532,a0902524491bedc8733da2bb4041dfeb52e534a287532eb63d76755a376776b0
exp2_robust_logistic_regression/parkinsons/data/processed/final_split_results.csv,124135,a8d9f208aa9448ec54afb5ec53003b134bbf3f3a0d801777ec29f2fd03443496
exp2_robust_logistic_regression/parkinsons/data/raw/parkinsons.data,40697,a36116c2deac07895b79ce97a2f99a1b3720ac4892995ff5c3b9ccb397ed2bc5
exp2_robust_logistic_regression/parkinsons/requirements.txt,62,437a2dbd49b08a7864c8a0378788a238a784b3e27d238c296cc755b94b0230ba
exp2_robust_logistic_regression/parkinsons/results/advantage_majorant_vs_direct.csv,5573,7a27306524b3dabad9e8d3b132704fa21b7c760d6cd5148f3ff81ccb8c5481ef
exp2_robust_logistic_regression/parkinsons/results/advantage_majorant_vs_erm_reference.csv,5457,94b35d76b36a6b886dae4850e84dcf79f29228bc712e24f64f8564779db80d98
exp2_robust_logistic_regression/parkinsons/results/fairness_audit_direct_majorant.csv,44100,6be14c1be06bad3efec554c19f1fe71c1fb03f19b806861a32727943ade63d80
exp2_robust_logistic_regression/parkinsons/results/final_loss_table.csv,3461,32b0a7a40d407ec5a3628f9eab8a7c3d6eb3d40de6571e0833066a69001a1739
exp2_robust_logistic_regression/parkinsons/results/final_summary.csv,24868,cce28208de4f4d9152c22077774723dfc1e0ff359f101ba19c76a0f51e98cb9a
exp2_robust_logistic_regression/parkinsons/results/full_loss_table_erm_n256_reference.csv,3452,463a13643dc30dded2ea81e07295014d6b6590ba3db397dfa0573f06d0b5ec89
exp2_robust_logistic_regression/parkinsons/results/manifest.csv,888,094a35fd63ad5d826084ce75f2c92210307ab57d5ababb023a4bc5c62a99be80
exp2_robust_logistic_regression/parkinsons/results/tables.md,17698,2dd77fca4f44052e2baac4e98480cdce449c49a263abe634800ec50bc1a3c175
exp2_robust_logistic_regression/parkinsons/scripts/build_final_tables.py,9375,3e3787317045cfd55bc656c5df1d2b16407b87d2d7666c865337f7099a4455b3
exp2_robust_logistic_regression/parkinsons/scripts/train_final_models.py,15609,f2b5d0b80f95e4483f60a6eef71c847064bb2d84d26d326612406523f0a22793
exp2_robust_logistic_regression/parkinsons/scripts/training_core.py,21403,00518418c6114d07fe63c5b05872d82d44d313a156340f97d645938b65d93026
